```
mysql> select * from tft;
+--------+--------------+---------------------------------------------------------+-----------+
| tft_id | tft_group_id | tft_string                                              | direction |
+--------+--------------+---------------------------------------------------------+-----------+
|      1 |            1 | permit out 17 from 10.98.0.8 20686 to {{ UE_IP }} 59000 |         1 |
|      2 |            1 | permit out 17 from 10.98.0.8 20686 to {{ UE_IP }} 59000 |         2 |
|      3 |            1 | permit out 17 from 10.98.0.8 20687 to {{ UE_IP }} 59000 |         1 |
|      4 |            1 | permit out 17 from 10.98.0.8 20687 to {{ UE_IP }} 59000 |         2 |
+--------+--------------+---------------------------------------------------------+-----------+
4 rows in set (0.00 sec)

mysql> select * from apn;
+--------+----------+------------+-------------+-------------+--------------------------+-------------+-------------+------+--------------+---------------------------+------------------------------+------------------+
| apn_id | apn      | ip_version | pgw_address | sgw_address | charging_characteristics | apn_ambr_dl | apn_ambr_ul | qci  | arp_priority | arp_preemption_capability | arp_preemption_vulnerability | charging_rule_id |
+--------+----------+------------+-------------+-------------+--------------------------+-------------+-------------+------+--------------+---------------------------+------------------------------+------------------+
|      1 | internet |          4 | NULL        | NULL        | 0800                     |     1566720 |     1566720 |    5 |            1 |                         1 |                            1 |                1 |
|      2 | ims      |          4 | NULL        | NULL        | 0800                     |     1566720 |     1566720 |    5 |            1 |                         1 |                            1 |                1 |
+--------+----------+------------+-------------+-------------+--------------------------+-------------+-------------+------+--------------+---------------------------+------------------------------+------------------+
2 rows in set (0.00 sec)

mysql> select * from charging_rules;
ERROR 1146 (42S02): Table 'hss2.charging_rules' doesn't exist
mysql> select * from charging_rule;
+------------------+-----------+------+--------------+---------------------------+------------------------------+--------+--------+--------+--------+--------------+------------+
| charging_rule_id | rule_name | qci  | arp_priority | arp_preemption_capability | arp_preemption_vulnerability | mbr_dl | mbr_ul | gbr_dl | gbr_ul | tft_group_id | precedence |
+------------------+-----------+------+--------------+---------------------------+------------------------------+--------+--------+--------+--------+--------------+------------+
|                1 | ims-g1-r3 |    1 |            2 |                         0 |                            0 | 128000 |  84000 | 128000 |  84000 |            1 |          1 |
+------------------+-----------+------+--------------+---------------------------+------------------------------+--------+--------+--------+--------+--------------+------------+
1 row in set (0.01 sec)

```